<?xml version="1.0" encoding="UTF-8" standalone="yes"?>
<env>
<servergroups>
<servergroup>
<servergroup_name><![CDATA[VInclude (231서버IP)]]></servergroup_name>
<srcserver>
<contype><![CDATA[UNC]]></contype>
<ftp_ip><![CDATA[]]></ftp_ip>
<ftp_port><![CDATA[21]]></ftp_port>
<ftp_id><![CDATA[]]></ftp_id>
<ftp_pw><![CDATA[]]></ftp_pw>
<ftp_type><![CDATA[PASV]]></ftp_type>
<ftp_gmt><![CDATA[0]]></ftp_gmt>
<ftp_enc><![CDATA[EUC-KR]]></ftp_enc>
<net_id><![CDATA[]]></net_id>
<net_pw><![CDATA[]]></net_pw>
<net_uncroot><![CDATA[]]></net_uncroot>
<net_drive><![CDATA[A]]></net_drive>
<unc_uncroot><![CDATA[\\21개발서버IP\web_root]]></unc_uncroot>
<local_drive><![CDATA[A]]></local_drive>
</srcserver>
<realservers>
<realserver>
<contype><![CDATA[UNC]]></contype>
<ftp_ip><![CDATA[]]></ftp_ip>
<ftp_port><![CDATA[21]]></ftp_port>
<ftp_id><![CDATA[]]></ftp_id>
<ftp_pw><![CDATA[]]></ftp_pw>
<ftp_type><![CDATA[PASV]]></ftp_type>
<ftp_gmt><![CDATA[0]]></ftp_gmt>
<ftp_enc><![CDATA[EUC-KR]]></ftp_enc>
<net_id><![CDATA[]]></net_id>
<net_pw><![CDATA[]]></net_pw>
<net_uncroot><![CDATA[]]></net_uncroot>
<net_drive><![CDATA[A]]></net_drive>
<unc_uncroot><![CDATA[\\107서버IP\web_root]]></unc_uncroot>
<local_drive><![CDATA[A]]></local_drive>
</realserver>
<realserver>
<contype><![CDATA[UNC]]></contype>
<ftp_ip><![CDATA[]]></ftp_ip>
<ftp_port><![CDATA[21]]></ftp_port>
<ftp_id><![CDATA[]]></ftp_id>
<ftp_pw><![CDATA[]]></ftp_pw>
<ftp_type><![CDATA[PASV]]></ftp_type>
<ftp_gmt><![CDATA[0]]></ftp_gmt>
<ftp_enc><![CDATA[EUC-KR]]></ftp_enc>
<net_id><![CDATA[]]></net_id>
<net_pw><![CDATA[]]></net_pw>
<net_uncroot><![CDATA[]]></net_uncroot>
<net_drive><![CDATA[A]]></net_drive>
<unc_uncroot><![CDATA[\\108서버IP\web_root]]></unc_uncroot>
<local_drive><![CDATA[A]]></local_drive>
</realserver>
<realserver>
<contype><![CDATA[UNC]]></contype>
<ftp_ip><![CDATA[]]></ftp_ip>
<ftp_port><![CDATA[21]]></ftp_port>
<ftp_id><![CDATA[]]></ftp_id>
<ftp_pw><![CDATA[]]></ftp_pw>
<ftp_type><![CDATA[PASV]]></ftp_type>
<ftp_gmt><![CDATA[0]]></ftp_gmt>
<ftp_enc><![CDATA[EUC-KR]]></ftp_enc>
<net_id><![CDATA[]]></net_id>
<net_pw><![CDATA[]]></net_pw>
<net_uncroot><![CDATA[]]></net_uncroot>
<net_drive><![CDATA[A]]></net_drive>
<unc_uncroot><![CDATA[\\230서버IP\web_root]]></unc_uncroot>
<local_drive><![CDATA[A]]></local_drive>
</realserver>
<realserver>
<contype><![CDATA[UNC]]></contype>
<ftp_ip><![CDATA[]]></ftp_ip>
<ftp_port><![CDATA[21]]></ftp_port>
<ftp_id><![CDATA[]]></ftp_id>
<ftp_pw><![CDATA[]]></ftp_pw>
<ftp_type><![CDATA[PASV]]></ftp_type>
<ftp_gmt><![CDATA[0]]></ftp_gmt>
<ftp_enc><![CDATA[EUC-KR]]></ftp_enc>
<net_id><![CDATA[]]></net_id>
<net_pw><![CDATA[]]></net_pw>
<net_uncroot><![CDATA[]]></net_uncroot>
<net_drive><![CDATA[A]]></net_drive>
<unc_uncroot><![CDATA[\\231서버IP\web_root]]></unc_uncroot>
<local_drive><![CDATA[A]]></local_drive>
</realserver>
</realservers>
</servergroup>
<servergroup>
<servergroup_name><![CDATA[107_108서버]]></servergroup_name>
<srcserver>
<contype><![CDATA[UNC]]></contype>
<ftp_ip><![CDATA[]]></ftp_ip>
<ftp_port><![CDATA[21]]></ftp_port>
<ftp_id><![CDATA[]]></ftp_id>
<ftp_pw><![CDATA[]]></ftp_pw>
<ftp_type><![CDATA[PASV]]></ftp_type>
<ftp_gmt><![CDATA[0]]></ftp_gmt>
<ftp_enc><![CDATA[EUC-KR]]></ftp_enc>
<net_id><![CDATA[id]]></net_id>
<net_pw><![CDATA[pwd]]></net_pw>
<net_uncroot><![CDATA[\\21개발서버IP\web_root]]></net_uncroot>
<net_drive><![CDATA[N]]></net_drive>
<unc_uncroot><![CDATA[\\21개발서버IP\web_root]]></unc_uncroot>
<local_drive><![CDATA[A]]></local_drive>
</srcserver>
<realservers>
<realserver>
<contype><![CDATA[UNC]]></contype>
<ftp_ip><![CDATA[]]></ftp_ip>
<ftp_port><![CDATA[21]]></ftp_port>
<ftp_id><![CDATA[]]></ftp_id>
<ftp_pw><![CDATA[]]></ftp_pw>
<ftp_type><![CDATA[PASV]]></ftp_type>
<ftp_gmt><![CDATA[0]]></ftp_gmt>
<ftp_enc><![CDATA[EUC-KR]]></ftp_enc>
<net_id><![CDATA[id]]></net_id>
<net_pw><![CDATA[pwd]]></net_pw>
<net_uncroot><![CDATA[\\107서버IP\web_root]]></net_uncroot>
<net_drive><![CDATA[I]]></net_drive>
<unc_uncroot><![CDATA[\\107서버IP\web_root]]></unc_uncroot>
<local_drive><![CDATA[A]]></local_drive>
</realserver>
<realserver>
<contype><![CDATA[UNC]]></contype>
<ftp_ip><![CDATA[]]></ftp_ip>
<ftp_port><![CDATA[21]]></ftp_port>
<ftp_id><![CDATA[]]></ftp_id>
<ftp_pw><![CDATA[]]></ftp_pw>
<ftp_type><![CDATA[PASV]]></ftp_type>
<ftp_gmt><![CDATA[0]]></ftp_gmt>
<ftp_enc><![CDATA[EUC-KR]]></ftp_enc>
<net_id><![CDATA[id]]></net_id>
<net_pw><![CDATA[pwd]]></net_pw>
<net_uncroot><![CDATA[\\108서버IP\web_root]]></net_uncroot>
<net_drive><![CDATA[J]]></net_drive>
<unc_uncroot><![CDATA[\\108서버IP\web_root]]></unc_uncroot>
<local_drive><![CDATA[A]]></local_drive>
</realserver>
</realservers>
</servergroup>
<servergroup>
<servergroup_name><![CDATA[230_231서버]]></servergroup_name>
<srcserver>
<contype><![CDATA[UNC]]></contype>
<ftp_ip><![CDATA[127.0.0.1]]></ftp_ip>
<ftp_port><![CDATA[21]]></ftp_port>
<ftp_id><![CDATA[src]]></ftp_id>
<ftp_pw><![CDATA[src]]></ftp_pw>
<ftp_type><![CDATA[PASV]]></ftp_type>
<ftp_gmt><![CDATA[0]]></ftp_gmt>
<ftp_enc><![CDATA[UTF-8]]></ftp_enc>
<net_id><![CDATA[id]]></net_id>
<net_pw><![CDATA[pwd]]></net_pw>
<net_uncroot><![CDATA[\\21개발서버IP\web_root]]></net_uncroot>
<net_drive><![CDATA[N]]></net_drive>
<unc_uncroot><![CDATA[\\21개발서버IP\web_root]]></unc_uncroot>
<local_drive><![CDATA[A]]></local_drive>
</srcserver>
<realservers>
<realserver>
<contype><![CDATA[UNC]]></contype>
<ftp_ip><![CDATA[127.0.0.1]]></ftp_ip>
<ftp_port><![CDATA[21]]></ftp_port>
<ftp_id><![CDATA[trg1]]></ftp_id>
<ftp_pw><![CDATA[trg1]]></ftp_pw>
<ftp_type><![CDATA[PASV]]></ftp_type>
<ftp_gmt><![CDATA[0]]></ftp_gmt>
<ftp_enc><![CDATA[UTF-8]]></ftp_enc>
<net_id><![CDATA[id]]></net_id>
<net_pw><![CDATA[pwd]]></net_pw>
<net_uncroot><![CDATA[\\230서버IP\web_root]]></net_uncroot>
<net_drive><![CDATA[K]]></net_drive>
<unc_uncroot><![CDATA[\\230서버IP\web_root]]></unc_uncroot>
<local_drive><![CDATA[A]]></local_drive>
</realserver>
<realserver>
<contype><![CDATA[UNC]]></contype>
<ftp_ip><![CDATA[127.0.0.1]]></ftp_ip>
<ftp_port><![CDATA[21]]></ftp_port>
<ftp_id><![CDATA[trg2]]></ftp_id>
<ftp_pw><![CDATA[trg2]]></ftp_pw>
<ftp_type><![CDATA[PASV]]></ftp_type>
<ftp_gmt><![CDATA[0]]></ftp_gmt>
<ftp_enc><![CDATA[UTF-8]]></ftp_enc>
<net_id><![CDATA[id]]></net_id>
<net_pw><![CDATA[pwd]]></net_pw>
<net_uncroot><![CDATA[\\231서버IP\web_root]]></net_uncroot>
<net_drive><![CDATA[L]]></net_drive>
<unc_uncroot><![CDATA[\\231서버IP\web_root]]></unc_uncroot>
<local_drive><![CDATA[A]]></local_drive>
</realserver>
</realservers>
</servergroup>
<servergroup>
<servergroup_name><![CDATA[228_229서버]]></servergroup_name>
<srcserver>
<contype><![CDATA[UNC]]></contype>
<ftp_ip><![CDATA[]]></ftp_ip>
<ftp_port><![CDATA[21]]></ftp_port>
<ftp_id><![CDATA[]]></ftp_id>
<ftp_pw><![CDATA[]]></ftp_pw>
<ftp_type><![CDATA[PASV]]></ftp_type>
<ftp_gmt><![CDATA[0]]></ftp_gmt>
<ftp_enc><![CDATA[EUC-KR]]></ftp_enc>
<net_id><![CDATA[id]]></net_id>
<net_pw><![CDATA[pwd]]></net_pw>
<net_uncroot><![CDATA[\\21개발서버IP\web_root]]></net_uncroot>
<net_drive><![CDATA[N]]></net_drive>
<unc_uncroot><![CDATA[\\21개발서버IP\web_root]]></unc_uncroot>
<local_drive><![CDATA[A]]></local_drive>
</srcserver>
<realservers>
<realserver>
<contype><![CDATA[UNC]]></contype>
<ftp_ip><![CDATA[]]></ftp_ip>
<ftp_port><![CDATA[21]]></ftp_port>
<ftp_id><![CDATA[]]></ftp_id>
<ftp_pw><![CDATA[]]></ftp_pw>
<ftp_type><![CDATA[PASV]]></ftp_type>
<ftp_gmt><![CDATA[0]]></ftp_gmt>
<ftp_enc><![CDATA[EUC-KR]]></ftp_enc>
<net_id><![CDATA[id]]></net_id>
<net_pw><![CDATA[ahzn012!]]></net_pw>
<net_uncroot><![CDATA[\\228서버IP\foodmobile]]></net_uncroot>
<net_drive><![CDATA[P]]></net_drive>
<unc_uncroot><![CDATA[\\228서버IP\foodmobile]]></unc_uncroot>
<local_drive><![CDATA[A]]></local_drive>
</realserver>
<realserver>
<contype><![CDATA[UNC]]></contype>
<ftp_ip><![CDATA[]]></ftp_ip>
<ftp_port><![CDATA[21]]></ftp_port>
<ftp_id><![CDATA[]]></ftp_id>
<ftp_pw><![CDATA[]]></ftp_pw>
<ftp_type><![CDATA[PASV]]></ftp_type>
<ftp_gmt><![CDATA[0]]></ftp_gmt>
<ftp_enc><![CDATA[EUC-KR]]></ftp_enc>
<net_id><![CDATA[id]]></net_id>
<net_pw><![CDATA[ahzn012!]]></net_pw>
<net_uncroot><![CDATA[\\229서버IP\foodmobile]]></net_uncroot>
<net_drive><![CDATA[Q]]></net_drive>
<unc_uncroot><![CDATA[\\229서버IP\foodmobile]]></unc_uncroot>
<local_drive><![CDATA[A]]></local_drive>
</realserver>
</realservers>
</servergroup>
<servergroup>
<servergroup_name><![CDATA[배치 (107서버)]]></servergroup_name>
<srcserver>
<contype><![CDATA[UNC]]></contype>
<ftp_ip><![CDATA[]]></ftp_ip>
<ftp_port><![CDATA[21]]></ftp_port>
<ftp_id><![CDATA[]]></ftp_id>
<ftp_pw><![CDATA[]]></ftp_pw>
<ftp_type><![CDATA[PASV]]></ftp_type>
<ftp_gmt><![CDATA[0]]></ftp_gmt>
<ftp_enc><![CDATA[EUC-KR]]></ftp_enc>
<net_id><![CDATA[]]></net_id>
<net_pw><![CDATA[]]></net_pw>
<net_uncroot><![CDATA[]]></net_uncroot>
<net_drive><![CDATA[A]]></net_drive>
<unc_uncroot><![CDATA[\\21개발서버IP\web_root]]></unc_uncroot>
<local_drive><![CDATA[A]]></local_drive>
</srcserver>
<realservers>
<realserver>
<contype><![CDATA[UNC]]></contype>
<ftp_ip><![CDATA[]]></ftp_ip>
<ftp_port><![CDATA[21]]></ftp_port>
<ftp_id><![CDATA[]]></ftp_id>
<ftp_pw><![CDATA[]]></ftp_pw>
<ftp_type><![CDATA[PASV]]></ftp_type>
<ftp_gmt><![CDATA[0]]></ftp_gmt>
<ftp_enc><![CDATA[EUC-KR]]></ftp_enc>
<net_id><![CDATA[]]></net_id>
<net_pw><![CDATA[]]></net_pw>
<net_uncroot><![CDATA[]]></net_uncroot>
<net_drive><![CDATA[A]]></net_drive>
<unc_uncroot><![CDATA[\\107서버IP\web_root]]></unc_uncroot>
<local_drive><![CDATA[A]]></local_drive>
</realserver>
</realservers>
</servergroup>
<servergroup>
<servergroup_name><![CDATA[배치 (230서버)]]></servergroup_name>
<srcserver>
<contype><![CDATA[UNC]]></contype>
<ftp_ip><![CDATA[]]></ftp_ip>
<ftp_port><![CDATA[21]]></ftp_port>
<ftp_id><![CDATA[]]></ftp_id>
<ftp_pw><![CDATA[]]></ftp_pw>
<ftp_type><![CDATA[PASV]]></ftp_type>
<ftp_gmt><![CDATA[0]]></ftp_gmt>
<ftp_enc><![CDATA[EUC-KR]]></ftp_enc>
<net_id><![CDATA[]]></net_id>
<net_pw><![CDATA[]]></net_pw>
<net_uncroot><![CDATA[]]></net_uncroot>
<net_drive><![CDATA[A]]></net_drive>
<unc_uncroot><![CDATA[\\21개발서버IP\web_root]]></unc_uncroot>
<local_drive><![CDATA[A]]></local_drive>
</srcserver>
<realservers>
<realserver>
<contype><![CDATA[UNC]]></contype>
<ftp_ip><![CDATA[]]></ftp_ip>
<ftp_port><![CDATA[21]]></ftp_port>
<ftp_id><![CDATA[]]></ftp_id>
<ftp_pw><![CDATA[]]></ftp_pw>
<ftp_type><![CDATA[PASV]]></ftp_type>
<ftp_gmt><![CDATA[0]]></ftp_gmt>
<ftp_enc><![CDATA[EUC-KR]]></ftp_enc>
<net_id><![CDATA[]]></net_id>
<net_pw><![CDATA[]]></net_pw>
<net_uncroot><![CDATA[]]></net_uncroot>
<net_drive><![CDATA[A]]></net_drive>
<unc_uncroot><![CDATA[\\230서버IP\web_root]]></unc_uncroot>
<local_drive><![CDATA[A]]></local_drive>
</realserver>
</realservers>
</servergroup></servergroups>
<services>
<service>
<service_name><![CDATA[Vinclude(231서버IP))]]></service_name>
<servergroup_name><![CDATA[VInclude (231서버IP)]]></servergroup_name>
<root_src><![CDATA[/VInclude]]></root_src>
<root_real><![CDATA[/VInclude]]></root_real>
<enc><![CDATA[EUC-KR]]></enc>
</service>
<service>
<service_name><![CDATA[fv_intra(인트라넷)]]></service_name>
<servergroup_name><![CDATA[107_108서버]]></servergroup_name>
<root_src><![CDATA[/FV_intra]]></root_src>
<root_real><![CDATA[/FV_intra]]></root_real>
<enc><![CDATA[EUC-KR]]></enc>
</service>
<service>
<service_name><![CDATA[뚜레쥬르(PC)]]></service_name>
<servergroup_name><![CDATA[107_108서버]]></servergroup_name>
<root_src><![CDATA[/TLJ]]></root_src>
<root_real><![CDATA[/TLJ_V3]]></root_real>
<enc><![CDATA[EUC-KR]]></enc>
</service>
<service>
<service_name><![CDATA[뚜레쥬르(MO)]]></service_name>
<servergroup_name><![CDATA[107_108서버]]></servergroup_name>
<root_src><![CDATA[/TLJ_M]]></root_src>
<root_real><![CDATA[/TLJ_M]]></root_real>
<enc><![CDATA[EUC-KR]]></enc>
</service>
<service>
<service_name><![CDATA[푸드빌기업(PC)]]></service_name>
<servergroup_name><![CDATA[107_108서버]]></servergroup_name>
<root_src><![CDATA[/ALLCJFOODVILLE_V2]]></root_src>
<root_real><![CDATA[/ALLCJFOODVILLE_V2]]></root_real>
<enc><![CDATA[EUC-KR]]></enc>
</service>
<service>
<service_name><![CDATA[푸드빌기업(MO)]]></service_name>
<servergroup_name><![CDATA[107_108서버]]></servergroup_name>
<root_src><![CDATA[/ALLCJFOODVILLE_m]]></root_src>
<root_real><![CDATA[/ALLCJFOODVILLE_m]]></root_real>
<enc><![CDATA[EUC-KR]]></enc>
</service>
<service>
<service_name><![CDATA[푸드빌기업(PC)-중문]]></service_name>
<servergroup_name><![CDATA[107_108서버]]></servergroup_name>
<root_src><![CDATA[/CjfoodvilleChina]]></root_src>
<root_real><![CDATA[/CjfoodvilleChina]]></root_real>
<enc><![CDATA[UTF-8]]></enc>
</service>
<service>
<service_name><![CDATA[푸드빌허브(MO)]]></service_name>
<servergroup_name><![CDATA[107_108서버]]></servergroup_name>
<root_src><![CDATA[/CJ_Hub_m]]></root_src>
<root_real><![CDATA[/CJ_Hub_m]]></root_real>
<enc><![CDATA[EUC-KR]]></enc>
</service>
<service>
<service_name><![CDATA[N서울타워(_)]]></service_name>
<servergroup_name><![CDATA[230_231서버]]></servergroup_name>
<root_src><![CDATA[/nCity/new_nseoultower2012]]></root_src>
<root_real><![CDATA[/pc/nSeoultower]]></root_real>
<enc><![CDATA[EUC-KR]]></enc>
</service>
<service>
<service_name><![CDATA[더플레이스(PC)]]></service_name>
<servergroup_name><![CDATA[230_231서버]]></servergroup_name>
<root_src><![CDATA[/pc/Theplace]]></root_src>
<root_real><![CDATA[/pc/Theplace_V2]]></root_real>
<enc><![CDATA[EUC-KR]]></enc>
</service>
<service>
<service_name><![CDATA[더플레이스(MO)]]></service_name>
<servergroup_name><![CDATA[230_231서버]]></servergroup_name>
<root_src><![CDATA[/mobile/Theplace_m]]></root_src>
<root_real><![CDATA[/mobile/Theplace_m]]></root_real>
<enc><![CDATA[EUC-KR]]></enc>
</service>
<service>
<service_name><![CDATA[빕스(PC)]]></service_name>
<servergroup_name><![CDATA[230_231서버]]></servergroup_name>
<root_src><![CDATA[/pc/Vips]]></root_src>
<root_real><![CDATA[/pc/Vips_V2]]></root_real>
<enc><![CDATA[EUC-KR]]></enc>
</service>
<service>
<service_name><![CDATA[빕스(MO)]]></service_name>
<servergroup_name><![CDATA[230_231서버]]></servergroup_name>
<root_src><![CDATA[/mobile/vips_m]]></root_src>
<root_real><![CDATA[/mobile/vips_m]]></root_real>
<enc><![CDATA[EUC-KR]]></enc>
</service>
<service>
<service_name><![CDATA[제일제면소(PC)]]></service_name>
<servergroup_name><![CDATA[230_231서버]]></servergroup_name>
<root_src><![CDATA[/pc/Cheiljemyunso]]></root_src>
<root_real><![CDATA[/pc/Cheiljemyunso_V2]]></root_real>
<enc><![CDATA[EUC-KR]]></enc>
</service>
<service>
<service_name><![CDATA[제일제면소(MO)]]></service_name>
<servergroup_name><![CDATA[230_231서버]]></servergroup_name>
<root_src><![CDATA[/mobile/Cheiljemyunso_m]]></root_src>
<root_real><![CDATA[/mobile/Cheiljemyunso_m]]></root_real>
<enc><![CDATA[EUC-KR]]></enc>
</service>
<service>
<service_name><![CDATA[N그릴(_)]]></service_name>
<servergroup_name><![CDATA[230_231서버]]></servergroup_name>
<root_src><![CDATA[/pc/NGrill]]></root_src>
<root_real><![CDATA[/pc/NGrill]]></root_real>
<enc><![CDATA[UTF-8]]></enc>
</service>
<service>
<service_name><![CDATA[CJ_CMS]]></service_name>
<servergroup_name><![CDATA[228_229서버]]></servergroup_name>
<root_src><![CDATA[/CJ_CMS]]></root_src>
<root_real><![CDATA[/CMS]]></root_real>
<enc><![CDATA[EUC-KR]]></enc>
</service>
<service>
<service_name><![CDATA[vips_delivery]]></service_name>
<servergroup_name><![CDATA[228_229서버]]></servergroup_name>
<root_src><![CDATA[/vips_delivery]]></root_src>
<root_real><![CDATA[/vips_delivery]]></root_real>
<enc><![CDATA[EUC-KR]]></enc>
</service>
<service>
<service_name><![CDATA[이미지관리기]]></service_name>
<servergroup_name><![CDATA[228_229서버]]></servergroup_name>
<root_src><![CDATA[/img.cjfoodville.co.kr]]></root_src>
<root_real><![CDATA[/img.cjfoodville.co.kr]]></root_real>
<enc><![CDATA[UTF-8]]></enc>
</service>
<service>
<service_name><![CDATA[우회페이지]]></service_name>
<servergroup_name><![CDATA[228_229서버]]></servergroup_name>
<root_src><![CDATA[/fv.cjfoodville]]></root_src>
<root_real><![CDATA[/fv.cjfoodville]]></root_real>
<enc><![CDATA[EUC-KR]]></enc>
</service>
<service>
<service_name><![CDATA[schedule]]></service_name>
<servergroup_name><![CDATA[배치 (107서버)]]></servergroup_name>
<root_src><![CDATA[/schedule]]></root_src>
<root_real><![CDATA[/schedule]]></root_real>
<enc><![CDATA[EUC-KR]]></enc>
</service>
<service>
<service_name><![CDATA[schedule]]></service_name>
<servergroup_name><![CDATA[배치 (230서버)]]></servergroup_name>
<root_src><![CDATA[/schedule]]></root_src>
<root_real><![CDATA[/schedule]]></root_real>
<enc><![CDATA[EUC-KR]]></enc>
</service></services>
<backup>
<contype><![CDATA[UNC]]></contype>
<ftp_ip><![CDATA[127.0.0.1]]></ftp_ip>
<ftp_port><![CDATA[21]]></ftp_port>
<ftp_id><![CDATA[backup]]></ftp_id>
<ftp_pw><![CDATA[backup]]></ftp_pw>
<ftp_type><![CDATA[PASV]]></ftp_type>
<ftp_gmt><![CDATA[0]]></ftp_gmt>
<ftp_enc><![CDATA[UTF-8]]></ftp_enc>
<net_id><![CDATA[]]></net_id>
<net_pw><![CDATA[]]></net_pw>
<net_uncroot><![CDATA[]]></net_uncroot>
<net_drive><![CDATA[]]></net_drive>
<unc_uncroot><![CDATA[\\21개발서버IP\web_root]]></unc_uncroot>
<local_drive><![CDATA[E]]></local_drive>
<root><![CDATA[/배포/백업]]></root></backup>
<etc>
<ext_image><![CDATA[jpg,gif,png,pcx]]></ext_image>
<ext_source><![CDATA[asp,php,html,inc]]></ext_source>
<ext_resource><![CDATA[js,css]]></ext_resource>
<path_temp><![CDATA[/temp]]></path_temp>
<log_path><![CDATA[/log]]></log_path>
<log_use><![CDATA[N]]></log_use>
<net_auto><![CDATA[Y]]></net_auto>
<ext_except><![CDATA[db,config]]></ext_except>
<partial_distribute_method><![CDATA[SRC]]></partial_distribute_method>
<encode_use><![CDATA[N]]></encode_use>
<ignorews_use><![CDATA[Y]]></ignorews_use>
<diffpop_width><![CDATA[1900]]></diffpop_width>
<diffpop_height><![CDATA[965]]></diffpop_height>
<diffpop_opt><![CDATA[defaultStatus=no,menubar=no,status=no,scrollbars=yes,resizable=yes,left=5,top=5]]></diffpop_opt></etc>
</env>